<application>
  <component name="IntentionManagerSettings">
    <ignoreAction name="CoffeeScript/Replace Double-Quoted String with Single-Quoted String" />
    <ignoreAction name="CoffeeScript/Replace Single-Quoted String with Double-Quoted String" />
    <ignoreAction name="CSS/Change color" />
    <ignoreAction name="CSS/Convert color to HEX" />
    <ignoreAction name="CSS/Convert color to HSL/HSLA" />
    <ignoreAction name="CSS/Convert color to HWB" />
    <ignoreAction name="CSS/Convert color to RGB/RGBA" />
    <ignoreAction name="CSS/Convert color to gray" />
    <ignoreAction name="CSS/Create Selector" />
    <ignoreAction name="CSS/Expand CSS shorthand property" />
    <ignoreAction name="CSS/Extract image" />
    <ignoreAction name="CSS/Extract inline CSS" />
    <ignoreAction name="CSS/Extract ruleset" />
    <ignoreAction name="CSS/Replace quotes" />
    <ignoreAction name="CSS/Replace var(...) with its fallback value" />
    <ignoreAction name="CSS/Replace with color name" />
    <ignoreAction name="CSS/Update background-image size" />
    <ignoreAction name="Flow JS/Specify variable type explicitly" />
    <ignoreAction name="HTML/Update background-image size" />
    <ignoreAction name="JavaScript/Convert anonymous function to named function" />
    <ignoreAction name="JavaScript/Convert parameters to object" />
    <ignoreAction name="JavaScript/Convert to forEach call on array" />
    <ignoreAction name="JavaScript/Convert to function expression" />
    <ignoreAction name="JavaScript/Create missing 'switch' branches" />
    <ignoreAction name="JavaScript/Edit values of object literal properties" />
    <ignoreAction name="JavaScript/Introduce local variable" />
    <ignoreAction name="JavaScript/Split declarations" />
    <ignoreAction name="JavaScript/Swap method call arguments" />
    <ignoreAction name="JavaScript/Boolean/DeMorgan Law" />
    <ignoreAction name="JavaScript/Boolean/Flip Comparison" />
    <ignoreAction name="JavaScript/Boolean/Flip Conjunction Operands" />
    <ignoreAction name="JavaScript/Boolean/Negate Comparison" />
    <ignoreAction name="JavaScript/Boolean/Remove Boolean Equality" />
    <ignoreAction name="JavaScript/Comments/Move Comment To Separate Line" />
    <ignoreAction name="JavaScript/Comments/Replace With C-Style Comment" />
    <ignoreAction name="JavaScript/Comments/Replace With End Of Line Comment" />
    <ignoreAction name="JavaScript/Conditional Operator/Flip Conditional" />
    <ignoreAction name="JavaScript/Conditional Operator/Flip If" />
    <ignoreAction name="JavaScript/Conditional Operator/Remove Pointless Conditional" />
    <ignoreAction name="JavaScript/Conditional Operator/Replace Conditional With If Else" />
    <ignoreAction name="JavaScript/Conditional Operator/Replace If Else With Conditional" />
    <ignoreAction name="JavaScript/Control Flow/Add Braces" />
    <ignoreAction name="JavaScript/Control Flow/Merge Else If" />
    <ignoreAction name="JavaScript/Control Flow/Merge Equivalent Ifs To ORed Condition" />
    <ignoreAction name="JavaScript/Control Flow/Merge Nested Ifs To ANDed Condition" />
    <ignoreAction name="JavaScript/Control Flow/Merge Parallel For Loops" />
    <ignoreAction name="JavaScript/Control Flow/Merge Parallel For-In Loops" />
    <ignoreAction name="JavaScript/Control Flow/Merge Parallel Ifs" />
    <ignoreAction name="JavaScript/Control Flow/Remove Braces" />
    <ignoreAction name="JavaScript/Control Flow/Remove Redundant Else" />
    <ignoreAction name="JavaScript/Control Flow/Replace If With Switch" />
    <ignoreAction name="JavaScript/Control Flow/Replace Switch With If" />
    <ignoreAction name="JavaScript/Control Flow/Simplify If Else" />
    <ignoreAction name="JavaScript/Control Flow/Split ANDed Condition To Nested Ifs" />
    <ignoreAction name="JavaScript/Control Flow/Split Else If" />
    <ignoreAction name="JavaScript/Control Flow/Split ORed Condition To Equivalent Ifs" />
    <ignoreAction name="JavaScript/Declaration/Merge Declaration And Initialization" />
    <ignoreAction name="JavaScript/Declaration/Split Declaration And Initialization" />
    <ignoreAction name="JavaScript/Declaration/Split Declaration And Move To Scope Start" />
    <ignoreAction name="JavaScript/ECMAScript 6/Change ES6 import " />
    <ignoreAction name="JavaScript/ECMAScript 6/Convert 'forEach' to 'for..of'" />
    <ignoreAction name="JavaScript/ECMAScript 6/Convert arrow function to anonymous function" />
    <ignoreAction name="JavaScript/ECMAScript 6/Convert function and its member declarations to class" />
    <ignoreAction name="JavaScript/ECMAScript 6/Convert template string to use visible line separators" />
    <ignoreAction name="JavaScript/ECMAScript 6/Convert to multi-line string template" />
    <ignoreAction name="JavaScript/ECMAScript 6/Create Getter" />
    <ignoreAction name="JavaScript/ECMAScript 6/Create Getter and Setter" />
    <ignoreAction name="JavaScript/ECMAScript 6/Create Setter" />
    <ignoreAction name="JavaScript/ECMAScript 6/Create derived class / Implement interface" />
    <ignoreAction name="JavaScript/ECMAScript 6/Iterate with for..of" />
    <ignoreAction name="JavaScript/ECMAScript 6/Move to a file with matching name" />
    <ignoreAction name="JavaScript/ECMAScript 6/Remove digit separators" />
    <ignoreAction name="JavaScript/ECMAScript 6/Rename file to match type name" />
    <ignoreAction name="JavaScript/ECMAScript 6/Replace string with template string" />
    <ignoreAction name="JavaScript/ECMAScript 6/Separate digits" />
    <ignoreAction name="JavaScript/JSX/Remove braces" />
    <ignoreAction name="JavaScript/JSX/Wrap value with {}" />
    <ignoreAction name="JavaScript/Numbers/Convert To Binary" />
    <ignoreAction name="JavaScript/Numbers/Convert To Decimal" />
    <ignoreAction name="JavaScript/Numbers/Convert To Hexadecimal" />
    <ignoreAction name="JavaScript/Numbers/Convert To Octal" />
    <ignoreAction name="JavaScript/Other/Compute Constant Value" />
    <ignoreAction name="JavaScript/Other/Compute Constant Value For Subexpression" />
    <ignoreAction name="JavaScript/Other/Extract Increment" />
    <ignoreAction name="JavaScript/Other/Join Concatenated String Literals" />
    <ignoreAction name="JavaScript/Other/Replace Assignment With Operator Assignment" />
    <ignoreAction name="JavaScript/Other/Replace Double-Quoted String with Single-Quoted String" />
    <ignoreAction name="JavaScript/Other/Replace Single-Quoted String with Double-Quoted String" />
    <ignoreAction name="JavaScript/Shift Operation/Replace Multiply with Shift" />
    <ignoreAction name="JavaScript/Shift Operation/Replace Shift with Multiply" />
    <ignoreAction name="Objective-C/Add as a parameter to 'initWith...'" />
    <ignoreAction name="Objective-C/Convert to instance variable" />
    <ignoreAction name="Objective-C/Convert to property" />
    <ignoreAction name="Objective-C/Declare method in interface" />
    <ignoreAction name="Objective-C/Declare method in private category" />
    <ignoreAction name="Objective-C/Declare property as 'readwrite' in private category" />
    <ignoreAction name="Objective-C/Extract category of this class" />
    <ignoreAction name="Objective-C/Extract private category of this class" />
    <ignoreAction name="Objective-C/Extract protocol of this class" />
    <ignoreAction name="Objective-C/Extract super class" />
    <ignoreAction name="Objective-C/Generate property" />
    <ignoreAction name="Objective-C/Implement accessor methods" />
    <ignoreAction name="Objective-C/Localize the string" />
    <ignoreAction name="Objective-C/Move instance variables to implementation" />
    <ignoreAction name="Objective-C/Move to interface" />
    <ignoreAction name="Objective-C/Move to private category" />
    <ignoreAction name="Objective-C/Replace 'id' return type with 'instancetype'" />
    <ignoreAction name="Objective-C/Switch '.' and method notation" />
    <ignoreAction name="Objective-C/Synthesize property" />
    <ignoreAction name="Objective-C/Wrap with &quot;if ([ respondsToSelector: ])&quot;" />
    <ignoreAction name="Objective-C/Wrap with stringWithFormat" />
    <ignoreAction name="Python/Add type hint for variable" />
    <ignoreAction name="Python/Add type hints for function" />
    <ignoreAction name="Python/Convert 'from module import' to 'import module'" />
    <ignoreAction name="Python/Convert 'import module' to 'from module import'" />
    <ignoreAction name="Python/Convert between single-quoted and double-quoted strings" />
    <ignoreAction name="Python/Convert collection to list" />
    <ignoreAction name="Python/Convert collection to set" />
    <ignoreAction name="Python/Convert collection to tuple" />
    <ignoreAction name="Python/Convert dict constructor to dict literal form" />
    <ignoreAction name="Python/Convert dict literal to dict constructor" />
    <ignoreAction name="Python/Convert format operator usage to str.format method call" />
    <ignoreAction name="Python/Convert from variadic to normal parameter(s)" />
    <ignoreAction name="Python/Convert lambda to function" />
    <ignoreAction name="Python/Convert list comprehensions to for loop" />
    <ignoreAction name="Python/Convert method to property" />
    <ignoreAction name="Python/Convert static method to function" />
    <ignoreAction name="Python/Convert to f-string literal" />
    <ignoreAction name="Python/Convert triple-quoted string to single-quoted string" />
    <ignoreAction name="Python/Convert type comment to variable annotation" />
    <ignoreAction name="Python/DeMorgan law" />
    <ignoreAction name="Python/Flip comparison" />
    <ignoreAction name="Python/Insert documentation string stub" />
    <ignoreAction name="Python/Insert type assertion" />
    <ignoreAction name="Python/Join if's" />
    <ignoreAction name="Python/Negate comparison" />
    <ignoreAction name="Python/Replace string concatenation with format operator" />
    <ignoreAction name="Python/Specify type for reference in docstring" />
    <ignoreAction name="Python/Specify type for reference using annotation" />
    <ignoreAction name="Python/Split if" />
    <ignoreAction name="Python/Toggle import alias" />
    <ignoreAction name="Python/Transform conditional expression into if/else statement" />
    <ignoreAction name="Python/Transform explicit iteration with 'yield' into 'yield from' expression" />
    <ignoreAction name="React/Convert to class component" />
    <ignoreAction name="React/Convert to functional component" />
    <ignoreAction name="TypeScript/Convert field to parameter property" />
    <ignoreAction name="TypeScript/Convert parameter property to class field" />
    <ignoreAction name="TypeScript/Convert type alias to enum" />
    <ignoreAction name="TypeScript/Convert type alias to interface" />
    <ignoreAction name="TypeScript/Generate reference path comment" />
    <ignoreAction name="TypeScript/Implement in derived classes" />
    <ignoreAction name="TypeScript/Make 'private'" />
    <ignoreAction name="TypeScript/Make 'protected'" />
    <ignoreAction name="TypeScript/Make 'public'" />
    <ignoreAction name="XSLT/Add optional Argument(s)" />
    <ignoreAction name="XSLT/Convert if to choose" />
    <ignoreAction name="XSLT/Inline xsl:attribute" />
    <ignoreAction name="XSLT/Replace with xsl:attribute" />
  </component>
</application>