<application>
  <component name="KeyPromoterXStatistic">
    <option name="statistics">
      <Statistic Action="Collapse">
        <Item>
          <IdeaActionID>CollapseRegion</IdeaActionID>
          <ShortCut>'Ctrl+NumPad -' or 'Ctrl+Minus'</ShortCut>
          <Description>Collapse</Description>
          <Count>1</Count>
        </Item>
      </Statistic>
      <Statistic Action="Commit...">
        <Item>
          <IdeaActionID>CheckinProject</IdeaActionID>
          <ShortCut>'Ctrl+K'</ShortCut>
          <Description>Commit...</Description>
          <Count>6</Count>
        </Item>
      </Statistic>
      <Statistic Action="Copy">
        <Item>
          <IdeaActionID>$Copy</IdeaActionID>
          <ShortCut>'Ctrl+C' or 'Ctrl+Insert'</ShortCut>
          <Description>Copy</Description>
          <Count>1</Count>
        </Item>
      </Statistic>
      <Statistic Action="Copy Path">
        <Item>
          <IdeaActionID>CopyPaths</IdeaActionID>
          <ShortCut>'Ctrl+Shift+C'</ShortCut>
          <Description>Copy Path</Description>
          <Count>4</Count>
        </Item>
      </Statistic>
      <Statistic Action="Cut">
        <Item>
          <IdeaActionID>$Cut</IdeaActionID>
          <ShortCut>'Ctrl+X' or 'Shift+Delete'</ShortCut>
          <Description>Cut</Description>
          <Count>1</Count>
        </Item>
      </Statistic>
      <Statistic Action="Debug 'hello'">
        <Item>
          <IdeaActionID>Debug</IdeaActionID>
          <ShortCut>'Alt+D'</ShortCut>
          <Description>Debug 'hello'</Description>
          <Count>6</Count>
        </Item>
      </Statistic>
      <Statistic Action="Debug 'main'">
        <Item>
          <IdeaActionID>Debug</IdeaActionID>
          <ShortCut>'Shift+F9'</ShortCut>
          <Description>Debug 'main'</Description>
          <Count>8</Count>
        </Item>
      </Statistic>
      <Statistic Action="Declaration">
        <Item>
          <IdeaActionID>GotoDeclaration</IdeaActionID>
          <ShortCut>'Ctrl+B' or 'Ctrl+Button1 Click'</ShortCut>
          <Description>Declaration</Description>
          <Count>105</Count>
        </Item>
      </Statistic>
      <Statistic Action="Definition(s)">
        <Item>
          <IdeaActionID>GotoImplementation</IdeaActionID>
          <ShortCut>'Ctrl+Alt+I'</ShortCut>
          <Description>Definition(s)</Description>
          <Count>2</Count>
        </Item>
      </Statistic>
      <Statistic Action="Evaluate Expression...">
        <Item>
          <IdeaActionID>EvaluateExpression</IdeaActionID>
          <ShortCut>'Alt+F8'</ShortCut>
          <Description>Evaluate Expression...</Description>
          <Count>3</Count>
        </Item>
      </Statistic>
      <Statistic Action="File Path">
        <Item>
          <IdeaActionID>ShowFilePath</IdeaActionID>
          <ShortCut>'Ctrl+Alt+Shift+2'</ShortCut>
          <Description>File Path</Description>
          <Count>1</Count>
        </Item>
      </Statistic>
      <Statistic Action="Find">
        <Item>
          <IdeaActionID>ActivateFindToolWindow</IdeaActionID>
          <ShortCut>'Alt+3'</ShortCut>
          <Description>Find</Description>
          <Count>3</Count>
        </Item>
      </Statistic>
      <Statistic Action="Fold Code Block">
        <Item>
          <IdeaActionID>CollapseBlock</IdeaActionID>
          <ShortCut>'Ctrl+Shift+.'</ShortCut>
          <Description>Fold Code Block</Description>
          <Count>1</Count>
        </Item>
      </Statistic>
      <Statistic Action="Generate...">
        <Item>
          <IdeaActionID>Generate</IdeaActionID>
          <ShortCut>'Alt+Insert' or 'Ctrl+G'</ShortCut>
          <Description>Generate...</Description>
          <Count>1</Count>
        </Item>
      </Statistic>
      <Statistic Action="Messages">
        <Item>
          <IdeaActionID>ActivateMessagesToolWindow</IdeaActionID>
          <ShortCut>'Alt+0'</ShortCut>
          <Description>Messages</Description>
          <Count>10</Count>
        </Item>
      </Statistic>
      <Statistic Action="Paste">
        <Item>
          <IdeaActionID>$Paste</IdeaActionID>
          <ShortCut>'Ctrl+V' or 'Shift+Insert'</ShortCut>
          <Description>Paste</Description>
          <Count>1</Count>
        </Item>
      </Statistic>
      <Statistic Action="Project">
        <Item>
          <IdeaActionID>ActivateProjectToolWindow</IdeaActionID>
          <ShortCut>'Alt+1'</ShortCut>
          <Description>Project</Description>
          <Count>10</Count>
        </Item>
      </Statistic>
      <Statistic Action="Recompile 'main.cpp'">
        <Item>
          <IdeaActionID>CMake.CompileCurrentFile</IdeaActionID>
          <ShortCut>'Ctrl+Shift+F9'</ShortCut>
          <Description>Recompile 'main.cpp'</Description>
          <Count>2</Count>
        </Item>
      </Statistic>
      <Statistic Action="Rename...">
        <Item>
          <IdeaActionID>RenameElement</IdeaActionID>
          <ShortCut>'Shift+F6'</ShortCut>
          <Description>Rename...</Description>
          <Count>1</Count>
        </Item>
      </Statistic>
      <Statistic Action="Run">
        <Item>
          <IdeaActionID>ActivateRunToolWindow</IdeaActionID>
          <ShortCut>'Alt+4'</ShortCut>
          <Description>Run</Description>
          <Count>3</Count>
        </Item>
      </Statistic>
      <Statistic Action="Run 'main'">
        <Item>
          <IdeaActionID>Run</IdeaActionID>
          <ShortCut>'Alt+R'</ShortCut>
          <Description>Run 'main'</Description>
          <Count>15</Count>
        </Item>
      </Statistic>
      <Statistic Action="Run 'main' with Valgrind Memcheck">
        <Item>
          <IdeaActionID>Valgrind</IdeaActionID>
          <ShortCut>'Alt+V'</ShortCut>
          <Description>Run 'main' with Valgrind Memcheck</Description>
          <Count>2</Count>
        </Item>
      </Statistic>
      <Statistic Action="Settings...">
        <Item>
          <IdeaActionID>ShowSettings</IdeaActionID>
          <ShortCut>'Ctrl+Alt+S'</ShortCut>
          <Description>Settings...</Description>
          <Count>5</Count>
        </Item>
      </Statistic>
      <Statistic Action="Show History">
        <Item>
          <IdeaActionID>LocalHistory.ShowHistory</IdeaActionID>
          <ShortCut>'Alt+H'</ShortCut>
          <Description>Show History</Description>
          <Count>2</Count>
        </Item>
      </Statistic>
      <Statistic Action="Stop 'VideoDetect'">
        <Item>
          <IdeaActionID>Stop</IdeaActionID>
          <ShortCut>'Alt+S'</ShortCut>
          <Description>Stop 'VideoDetect'</Description>
          <Count>1</Count>
        </Item>
      </Statistic>
      <Statistic Action="Stop 'main'">
        <Item>
          <IdeaActionID>Stop</IdeaActionID>
          <ShortCut>'Ctrl+F2'</ShortCut>
          <Description>Stop 'main'</Description>
          <Count>11</Count>
        </Item>
      </Statistic>
      <Statistic Action="Structure">
        <Item>
          <IdeaActionID>ActivateStructureToolWindow</IdeaActionID>
          <ShortCut>'Alt+7'</ShortCut>
          <Description>Structure</Description>
          <Count>9</Count>
        </Item>
      </Statistic>
      <Statistic Action="TODO">
        <Item>
          <IdeaActionID>ActivateTODOToolWindow</IdeaActionID>
          <ShortCut>'Alt+6'</ShortCut>
          <Description>TODO</Description>
          <Count>8</Count>
        </Item>
      </Statistic>
      <Statistic Action="Terminal">
        <Item>
          <IdeaActionID>ActivateTerminalToolWindow</IdeaActionID>
          <ShortCut>'Alt+F12'</ShortCut>
          <Description>Terminal</Description>
          <Count>39</Count>
        </Item>
      </Statistic>
      <Statistic Action="Toggle Line Breakpoint">
        <Item>
          <IdeaActionID>ToggleLineBreakpoint</IdeaActionID>
          <ShortCut>'Ctrl+F8'</ShortCut>
          <Description>Toggle Line Breakpoint</Description>
          <Count>7</Count>
        </Item>
      </Statistic>
      <Statistic Action="VCS Operations Popup...">
        <Item>
          <IdeaActionID>Vcs.QuickListPopupAction</IdeaActionID>
          <ShortCut>'Alt+`'</ShortCut>
          <Description>VCS Operations Popup...</Description>
          <Count>4</Count>
        </Item>
      </Statistic>
      <Statistic Action="Variable...">
        <Item>
          <IdeaActionID>CIDR.Lang.IntroduceVariable</IdeaActionID>
          <ShortCut>'Ctrl+Alt+V'</ShortCut>
          <Description>Variable...</Description>
          <Count>1</Count>
        </Item>
      </Statistic>
      <Statistic Action="Version Control">
        <Item>
          <IdeaActionID>ActivateVersionControlToolWindow</IdeaActionID>
          <ShortCut>'Alt+9'</ShortCut>
          <Description>Version Control</Description>
          <Count>10</Count>
        </Item>
      </Statistic>
    </option>
  </component>
</application>