<application>
  <component name="MaterialThemeConfig">
    <option name="allowDataCollection" value="true" />
    <option name="darkTitleBar" value="true" />
    <option name="isContrastMode" value="true" />
    <option name="isHighContrast" value="true" />
    <option name="isWizardShown" value="true" />
    <option name="settingsSelectedTab" value="6" />
    <option name="selectedTheme" value="DARKER" />
    <option name="userId" value="9b0bf86:16767ad3225:-8000" />
    <option name="version" value="3.0.0-rc4" />
  </component>
</application>