<keymap version="1" name="Default copy" parent="Default for XWin">
  <action id="$Delete" />
  <action id="ActivateFavoritesToolWindow" />
  <action id="ActivateTerminalToolWindow">
    <keyboard-shortcut first-keystroke="alt f12" />
    <keyboard-shortcut first-keystroke="alt 2" />
  </action>
  <action id="Arrangement.Alias.Rule.Remove" />
  <action id="Arrangement.Rule.Remove" />
  <action id="AutoIndentLines" />
  <action id="Build">
    <keyboard-shortcut first-keystroke="alt b" />
  </action>
  <action id="BuildProfile">
    <keyboard-shortcut first-keystroke="ctrl alt b" />
  </action>
  <action id="CIDR.Lang.IntroduceConstant" />
  <action id="ChangeSignature">
    <keyboard-shortcut first-keystroke="ctrl u" />
  </action>
  <action id="CheckinProject">
    <keyboard-shortcut first-keystroke="ctrl k" />
    <keyboard-shortcut first-keystroke="shift ctrl c" />
  </action>
  <action id="ClangFormat.ClangFormatAuto">
    <keyboard-shortcut first-keystroke="alt f" />
  </action>
  <action id="CloseProject">
    <keyboard-shortcut first-keystroke="ctrl escape" />
  </action>
  <action id="CodeCleanup">
    <keyboard-shortcut first-keystroke="alt c" />
  </action>
  <action id="CollapseAll">
    <keyboard-shortcut first-keystroke="ctrl subtract" />
  </action>
  <action id="CollapseBlock">
    <keyboard-shortcut first-keystroke="shift ctrl period" />
    <keyboard-shortcut first-keystroke="ctrl minus" />
  </action>
  <action id="CollapseExpandableComponent">
    <keyboard-shortcut first-keystroke="shift enter" />
    <keyboard-shortcut first-keystroke="ctrl subtract" />
  </action>
  <action id="CollapseRegion">
    <keyboard-shortcut first-keystroke="ctrl subtract" />
  </action>
  <action id="CopyPaths" />
  <action id="Debug">
    <keyboard-shortcut first-keystroke="alt d" />
  </action>
  <action id="DomElementsTreeView.DeleteElement" />
  <action id="DuplicatesForm.SendToRight" />
  <action id="EditorCodeBlockEnd" />
  <action id="EditorCodeBlockEndWithSelection" />
  <action id="EditorCodeBlockStart" />
  <action id="EditorCodeBlockStartWithSelection" />
  <action id="EditorDelete" />
  <action id="EditorDeleteLine">
    <keyboard-shortcut first-keystroke="ctrl y" />
    <keyboard-shortcut first-keystroke="delete" />
  </action>
  <action id="EditorLineEnd">
    <keyboard-shortcut first-keystroke="ctrl close_bracket" />
  </action>
  <action id="EditorLineEndWithSelection">
    <keyboard-shortcut first-keystroke="shift ctrl close_bracket" />
  </action>
  <action id="EditorLineStart">
    <keyboard-shortcut first-keystroke="ctrl open_bracket" />
  </action>
  <action id="EditorLineStartWithSelection">
    <keyboard-shortcut first-keystroke="shift home" />
    <keyboard-shortcut first-keystroke="shift ctrl open_bracket" />
  </action>
  <action id="EditorLookupDown" />
  <action id="EditorLookupUp" />
  <action id="EditorScrollDown" />
  <action id="EditorScrollUp" />
  <action id="EditorToggleColumnMode">
    <keyboard-shortcut first-keystroke="shift alt insert" />
    <keyboard-shortcut first-keystroke="ctrl alt s" />
  </action>
  <action id="ExportToTextFile" />
  <action id="ExpressionTypeInfo" />
  <action id="ExternalSystem.CollapseAll">
    <keyboard-shortcut first-keystroke="ctrl subtract" />
  </action>
  <action id="FileChooser.GotoProject" />
  <action id="Generate">
    <keyboard-shortcut first-keystroke="alt insert" />
    <keyboard-shortcut first-keystroke="ctrl g" />
  </action>
  <action id="Generate.Missing.Members.ES6" />
  <action id="Generate.Missing.Members.TypeScript" />
  <action id="Github.Open.In.Browser">
    <keyboard-shortcut first-keystroke="shift ctrl o" />
  </action>
  <action id="GotoBookmark0" />
  <action id="GotoBookmark2" />
  <action id="GotoBookmark6" />
  <action id="GotoClass">
    <keyboard-shortcut first-keystroke="ctrl alt c" />
  </action>
  <action id="GotoFile">
    <keyboard-shortcut first-keystroke="ctrl quote" />
  </action>
  <action id="GotoImplementation">
    <keyboard-shortcut first-keystroke="ctrl alt i" />
  </action>
  <action id="GotoLine" />
  <action id="GotoRelated">
    <keyboard-shortcut first-keystroke="ctrl semicolon" />
  </action>
  <action id="GotoSuperMethod" />
  <action id="Graph.Delete" />
  <action id="HideAllWindows">
    <keyboard-shortcut first-keystroke="shift ctrl f12" />
    <keyboard-shortcut first-keystroke="ctrl back_quote" />
  </action>
  <action id="Images.Editor.ToggleGrid" />
  <action id="Images.Editor.ZoomOut">
    <keyboard-shortcut first-keystroke="ctrl subtract" />
  </action>
  <action id="Inline" />
  <action id="InspectCode">
    <keyboard-shortcut first-keystroke="alt i" />
  </action>
  <action id="IntroduceConstant" />
  <action id="IntroduceField" />
  <action id="LocalHistory.ShowHistory">
    <keyboard-shortcut first-keystroke="alt h" />
  </action>
  <action id="MethodOverloadSwitchDown" />
  <action id="MethodOverloadSwitchUp" />
  <action id="MoveLineDown">
    <keyboard-shortcut first-keystroke="ctrl down" />
  </action>
  <action id="MoveLineUp">
    <keyboard-shortcut first-keystroke="ctrl up" />
  </action>
  <action id="OptimizeImports">
    <keyboard-shortcut first-keystroke="alt o" />
  </action>
  <action id="PreviousOccurence">
    <keyboard-shortcut first-keystroke="shift alt up" />
    <keyboard-shortcut first-keystroke="ctrl 6" />
  </action>
  <action id="Profiler">
    <keyboard-shortcut first-keystroke="alt p" />
  </action>
  <action id="QuickChangeScheme" />
  <action id="RearrangeCode">
    <keyboard-shortcut first-keystroke="ctrl alt r" />
  </action>
  <action id="RecentFiles" />
  <action id="RenameElement">
    <keyboard-shortcut first-keystroke="ctrl r" />
  </action>
  <action id="Replace" />
  <action id="Run">
    <keyboard-shortcut first-keystroke="alt r" />
  </action>
  <action id="RunDashboard.RemoveConfiguration" />
  <action id="RunDashboard.UngroupConfigurations" />
  <action id="SearchEverywhere.NavigateToNextGroup">
    <keyboard-shortcut first-keystroke="page_down" />
  </action>
  <action id="SearchEverywhere.NavigateToPrevGroup">
    <keyboard-shortcut first-keystroke="page_up" />
  </action>
  <action id="ShowFilterPopup" />
  <action id="ShowSettings">
    <keyboard-shortcut first-keystroke="ctrl comma" />
  </action>
  <action id="Stop">
    <keyboard-shortcut first-keystroke="alt s" />
  </action>
  <action id="SurroundWith">
    <keyboard-shortcut first-keystroke="ctrl e" />
  </action>
  <action id="UML.ZoomOut">
    <keyboard-shortcut first-keystroke="ctrl subtract" />
  </action>
  <action id="Valgrind">
    <keyboard-shortcut first-keystroke="alt v" />
  </action>
  <action id="Vcs.Push">
    <keyboard-shortcut first-keystroke="shift ctrl k" />
    <keyboard-shortcut first-keystroke="shift ctrl p" />
  </action>
  <action id="Vcs.ShowMessageHistory">
    <keyboard-shortcut first-keystroke="ctrl m" />
  </action>
  <action id="XDebugger.RemoveWatch" />
  <action id="de.wieselbau.clion.clangtidy.actions.refactor.RefactorAction">
    <keyboard-shortcut first-keystroke="alt t" />
  </action>
</keymap>